-- phpMyAdmin SQL Dump
-- version 5.2.1
-- https://www.phpmyadmin.net/
--
-- Host: 127.0.0.1
-- Tempo de geração: 01/10/2025 às 22:27
-- Versão do servidor: 10.4.32-MariaDB
-- Versão do PHP: 8.2.12

SET SQL_MODE = "NO_AUTO_VALUE_ON_ZERO";
START TRANSACTION;
SET time_zone = "+00:00";


/*!40101 SET @OLD_CHARACTER_SET_CLIENT=@@CHARACTER_SET_CLIENT */;
/*!40101 SET @OLD_CHARACTER_SET_RESULTS=@@CHARACTER_SET_RESULTS */;
/*!40101 SET @OLD_COLLATION_CONNECTION=@@COLLATION_CONNECTION */;
/*!40101 SET NAMES utf8mb4 */;

--
-- Banco de dados: `flybynight_tiago`
--

-- --------------------------------------------------------

--
-- Estrutura para tabela `fornecedores`
--

CREATE TABLE `fornecedores` (
  `id` int(11) NOT NULL,
  `nome` varchar(100) NOT NULL
) ENGINE=InnoDB DEFAULT CHARSET=utf8mb4 COLLATE=utf8mb4_general_ci;

--
-- Despejando dados para a tabela `fornecedores`
--

INSERT INTO `fornecedores` (`id`, `nome`) VALUES
(1, 'Eletrônicos Tabajara'),
(4, 'Livraria Demais da Conta'),
(15, 'Testeeee 3');

-- --------------------------------------------------------

--
-- Estrutura para tabela `lojas`
--

CREATE TABLE `lojas` (
  `id` int(11) NOT NULL,
  `nome` varchar(100) NOT NULL
) ENGINE=InnoDB DEFAULT CHARSET=utf8mb4 COLLATE=utf8mb4_general_ci;

--
-- Despejando dados para a tabela `lojas`
--

INSERT INTO `lojas` (`id`, `nome`) VALUES
(1, 'Casas Bahia'),
(2, 'Shopping Zona Leste'),
(3, 'Bazar das Coisas'),
(4, 'Americanas');

-- --------------------------------------------------------

--
-- Estrutura para tabela `lojas_produtos`
--

CREATE TABLE `lojas_produtos` (
  `loja_id` int(11) NOT NULL,
  `produto_id` int(11) NOT NULL,
  `estoque` int(11) NOT NULL
) ENGINE=InnoDB DEFAULT CHARSET=utf8mb4 COLLATE=utf8mb4_general_ci;

--
-- Despejando dados para a tabela `lojas_produtos`
--

INSERT INTO `lojas_produtos` (`loja_id`, `produto_id`, `estoque`) VALUES
(1, 2, 10),
(4, 1, 7),
(4, 2, 3),
(4, 3, 30);

-- --------------------------------------------------------

--
-- Estrutura para tabela `produtos`
--

CREATE TABLE `produtos` (
  `id` int(11) NOT NULL,
  `nome` varchar(100) NOT NULL,
  `descricao` text DEFAULT NULL,
  `preco` decimal(10,2) NOT NULL,
  `quantidade` int(11) NOT NULL,
  `fornecedor_id` int(11) NOT NULL
) ENGINE=InnoDB DEFAULT CHARSET=utf8mb4 COLLATE=utf8mb4_general_ci;

--
-- Despejando dados para a tabela `produtos`
--

INSERT INTO `produtos` (`id`, `nome`, `descricao`, `preco`, `quantidade`, `fornecedor_id`) VALUES
(1, 'Smartphone Galaxy S23', 'Equipamento com sistema Android e câmera Full HD', 2600.77, 15, 1),
(2, 'TV Led', 'Tela de 50 polegadas, resolução 4K, 4 entradas HDMI e etc e tal', 3420.00, 12, 1),
(3, 'Senhor dos Anéis: As Duas Torres', 'Volume 2 da série de livros criados pelo autor J.R.R. Tolkien', 125.00, 100, 4),
(5, 'Ghost Rider', 'Livro contando a história de vida do Neil Peart...', 125.00, 60, 4),
(6, 'Senhor dos Anéis: A Sociedade do Anel', 'Primeiro livro da saga Senhor dos Anéis', 125.00, 32, 4);

--
-- Índices para tabelas despejadas
--

--
-- Índices de tabela `fornecedores`
--
ALTER TABLE `fornecedores`
  ADD PRIMARY KEY (`id`);

--
-- Índices de tabela `lojas`
--
ALTER TABLE `lojas`
  ADD PRIMARY KEY (`id`);

--
-- Índices de tabela `lojas_produtos`
--
ALTER TABLE `lojas_produtos`
  ADD PRIMARY KEY (`loja_id`,`produto_id`),
  ADD KEY `produto_id` (`produto_id`);

--
-- Índices de tabela `produtos`
--
ALTER TABLE `produtos`
  ADD PRIMARY KEY (`id`),
  ADD KEY `fornecedor_id` (`fornecedor_id`);

--
-- AUTO_INCREMENT para tabelas despejadas
--

--
-- AUTO_INCREMENT de tabela `fornecedores`
--
ALTER TABLE `fornecedores`
  MODIFY `id` int(11) NOT NULL AUTO_INCREMENT, AUTO_INCREMENT=16;

--
-- AUTO_INCREMENT de tabela `lojas`
--
ALTER TABLE `lojas`
  MODIFY `id` int(11) NOT NULL AUTO_INCREMENT, AUTO_INCREMENT=5;

--
-- AUTO_INCREMENT de tabela `produtos`
--
ALTER TABLE `produtos`
  MODIFY `id` int(11) NOT NULL AUTO_INCREMENT, AUTO_INCREMENT=7;

--
-- Restrições para tabelas despejadas
--

--
-- Restrições para tabelas `lojas_produtos`
--
ALTER TABLE `lojas_produtos`
  ADD CONSTRAINT `lojas_produtos_ibfk_1` FOREIGN KEY (`loja_id`) REFERENCES `lojas` (`id`) ON DELETE CASCADE,
  ADD CONSTRAINT `lojas_produtos_ibfk_2` FOREIGN KEY (`produto_id`) REFERENCES `produtos` (`id`);

--
-- Restrições para tabelas `produtos`
--
ALTER TABLE `produtos`
  ADD CONSTRAINT `produtos_ibfk_1` FOREIGN KEY (`fornecedor_id`) REFERENCES `fornecedores` (`id`);
COMMIT;

/*!40101 SET CHARACTER_SET_CLIENT=@OLD_CHARACTER_SET_CLIENT */;
/*!40101 SET CHARACTER_SET_RESULTS=@OLD_CHARACTER_SET_RESULTS */;
/*!40101 SET COLLATION_CONNECTION=@OLD_COLLATION_CONNECTION */;
